CouplingGain,CoopConvergenceTime,LocalConvergenceTime,CoopEstimationError,LocalEstimationError
3.42705098312484,11.6,NaN,0.000195027348775301,0.010836659208269
5.14057647468726,11.6513764188011,8.13119709554866,0.00019649679564071,0.000180357044199275
6.85410196624968,11.7521722297345,104.4,0.000194065869834059,0.000177971493955251
10.2811529493745,11.7499023338064,80.7502940264607,0.000199274366257773,0.000199029231812226
17.1352549156242,11.8,127.951936544254,0.000199795631575794,0.000191757524649908
34.2705098312484,11.8487933423242,184.348181184969,0.000195981417505653,0.000183295232885999
68.5410196624968,11.8495406403077,8.20019151720506,0.000198844145371413,0.000163262496471805
